"带 (dài)","mang theo, dẫn theo","Dùng khi mang đồ vật (dù, tiền) hoặc dẫn người đi đâu đó."
"怎么 (zěnme)","vì sao, làm sao","Dùng để hỏi nguyên nhân hoặc cách thức thực hiện hành động."
"接 (jiē)","đón, nghe điện thoại","Hành động đón người hoặc nhấc máy nghe điện thoại."
"后天 (hòutiān)","ngày mốt","Ngày sau ngày mai."
"前天 (qiántiān)","hôm kia","Hai ngày trước tính từ hôm nay."
"建议 (jiànyì)","kiến nghị, đề xuất","Đưa ra lời khuyên hoặc góp ý cho ai đó."
"博物馆 (bówùguǎn)","viện bảo tàng","Nơi trưng bày các vật phẩm lịch sử, nghệ thuật."
"参观 (cānguān)","tham quan","Đi xem và học hỏi tại các địa điểm như nhà máy, trường học."
"同意 (tóngyì)","đồng ý","Chấp thuận một ý kiến hoặc đề nghị nào đó."
"意见 (yìjiàn)","ý kiến","Lời đóng góp hoặc quan điểm về một vấn đề."
"对面 (duìmiàn)","đối diện","Vị trí ở phía trước mặt hoặc phía bên kia đường."
"出去 (chūqù)","ra ngoài","Hành động đi từ trong ra ngoài (rời xa người nói)."
"回来 (huílai)","quay về","Trở về địa điểm mà người nói đang có mặt."
"以后 (yǐhòu)","sau này, sau khi","Khoảng thời gian sau một mốc cụ thể."
"以前 (yǐqián)","trước đây, trước khi","Khoảng thời gian trước một mốc cụ thể."
"转告 (zhuǎngào)","chuyển lời","Nhờ ai đó nhắn lại lời nói cho một người khác."
"回 (huí)","gọi lại (điện thoại)","Dùng trong cụm 'huí diànhuà' (gọi lại điện thoại)."
"关机 (guānjī)","tắt máy","Tắt nguồn điện thoại hoặc các thiết bị điện tử."
"发现 (fāxiàn)","phát hiện","Nhận ra hoặc tìm thấy một điều gì đó mới."
"伞 (sǎn)","cây dù","Đồ vật dùng để che mưa hoặc che nắng."
"工厂 (gōngchǎng)","nhà máy, xưởng","Nơi sản xuất hàng hóa, có nhiều công nhân làm việc."
"散步 (sànbù)","đi dạo, tản bộ","Đi bộ thư giãn, thường là vào buổi sáng hoặc tối."
"双 (shuāng)","đôi, cặp","Lượng từ dùng cho những vật đi theo cặp (giày, đũa)."
"皮鞋 (píxié)","giày da","Loại giày làm bằng chất liệu da."
"衬衫 (chènshān)","áo sơ mi","Loại áo có cổ, thường mặc đi làm hoặc đi học."
"裤子 (kùzi)","quần","Trang phục mặc ở nửa thân dưới, lượng từ là 'tiáo'."
"讲 (jiǎng)","nói, kể chuyện","Hành động giải thích hoặc kể lại một câu chuyện."
"故事 (gùshi)","câu chuyện","Nội dung được kể lại (cố sự)."
"迷你裙 (mínǐqún)","váy ngắn","Loại váy ngắn thời trang của nữ giới."
"成长 (chéngzhǎng)","trưởng thành, lớn lên","Quá trình phát triển của con người hoặc sự vật."
"苦瓜 (kǔguā)","khổ qua, mướp đắng","Một loại quả có vị đắng, dùng làm thức ăn."
"特别 (tèbié)","đặc biệt, vô cùng","Dùng để nhấn mạnh mức độ (đặc biệt ngon, đặc biệt vui)."
" need (xūyào)","cần, nhu cầu","Cần phải làm gì đó hoặc một nhu cầu cần đáp ứng."
"再 (zài)","lại, nữa","Hành động lặp lại trong tương lai (làm lại lần nữa)."
"态度 (tàidu)","thái độ","Cách nhìn nhận hoặc hành xử của một người."
"过敏 (guòmǐn)","dị ứng","Phản ứng của cơ thể với thực phẩm hoặc môi trường."
"老板 (lǎobǎn)","ông chủ","Người đứng đầu hoặc sở hữu một cửa hàng, công ty."
"机会 (jīhuì)","cơ hội","Thời cơ thuận lợi để làm một việc gì đó."
"语音 (yǔyīn)","ngữ âm, tin nhắn thoại","Âm thanh giọng nói hoặc tin nhắn bằng giọng nói."
"说谎 (shuōhuǎng)","nói dối","Hành động nói không đúng sự thật."
"占线 (zhànxiàn)","máy bận","Khi gọi điện thoại mà đầu dây bên kia đang có cuộc gọi khác."
"过 (guò)","trải qua, qua","Dùng cho thời gian trôi qua hoặc đón dịp lễ (vd: guò shēngrì)."
"愉快 (yúkuài)","vui vẻ","Trạng thái hạnh phúc, thoải mái (thường dùng chúc mừng)."
"报名 (bàomíng)","đăng ký","Ghi danh tham gia một lớp học hoặc cuộc thi."
"安排 (ānpái)","sắp xếp, bố trí","Sắp đặt công việc, thời gian một cách hợp lý."
"游玩 (yóuwán)","đi chơi, du ngoạn","Hành động đi tham quan, vui chơi giải trí."
"于 (yú)","tại, vào lúc","Giới từ chỉ thời gian hoặc địa điểm (trang trọng)."
"集合 (jíhé)","tập hợp","Nhiều người tụ họp lại một điểm theo yêu cầu."
"学生证 (xuéshēngzhèng)","thẻ học sinh","Giấy tờ chứng minh đang là học sinh/sinh viên."
"通知 (tōngzhī)","thông báo","Báo tin cho nhiều người biết về một sự việc."
"打折 (dǎzhé)","giảm giá","Ví dụ: dǎ bā zhé là chỉ còn 80% giá (giảm 20%)."
"正好 (zhènghǎo)","vừa vặn, đúng lúc","Sự việc xảy ra một cách ngẫu nhiên nhưng rất phù hợp."
"不少 (bùshǎo)","nhiều","Không ít, mang nghĩa có số lượng khá lớn."
"牛仔裤 (niúzǎikù)","quần jeans","Loại quần bền bằng vải bò, lượng từ là 'tiáo'."
"陪 (péi)","đồng hành, đi cùng","Ở bên cạnh hoặc đi cùng ai đó để hỗ trợ."
"工艺品 (gōngyìpǐn)","đồ thủ công","Các sản phẩm nghệ thuật làm bằng tay."
"收银台 (shōuyíntái)","quầy thu ngân","Nơi thanh toán tiền trong cửa hàng hoặc siêu thị."
"收集 (shōují)","thu thập, sưu tầm","Gom góp các thứ lại (vd: sưu tầm tem, thu thập ý kiến)."
"交 (jiāo)","nộp, giao, kết bạn","Nộp bài tập, nộp tiền hoặc kết giao bạn bè."
"毛衣 (máoyī)","áo len","Loại áo dệt từ sợi len để giữ ấm."
"传统 (chuántǒng)","truyền thống","Những thói quen, phong tục lâu đời."
"功能 (gōngnéng)","chức năng","Công dụng hoặc tính năng của một thiết bị."
"主要 (zhǔyào)","chủ yếu, chính","Phần quan trọng nhất, cốt lõi nhất."
"特点 (tèdiǎn)","đặc điểm","Nét riêng biệt để nhận dạng một người hoặc vật."
"旗袍 (qípáo)","xường xám","Trang phục truyền thống của phụ nữ Trung Quốc."
"天津 (Tiānjīn)","Thiên Tân","Tên một thành phố lớn ở Trung Quốc."
"山西 (Shānxī)","Sơn Tây","Tên một tỉnh của Trung Quốc."
"贵州 (Guìzhōu)","Quý Châu","Tên một tỉnh của Trung Quốc."
"湖南 (Húnán)","Hồ Nam","Tên một tỉnh của Trung Quốc."
"三亚 (Sānyà)","Tam Á","Tên một thành phố du lịch ở đảo Hải Nam."
"哈尔滨 (Hā'ěrbīn)","Cáp Nhĩ Tân","Thành phố nổi tiếng với lễ hội băng tuyết."
"四川 (Sìchuān)","Tứ Xuyên","Tên một tỉnh nổi tiếng với món cay tê."
"广州 (Guǎngzhōu)","Quảng Châu","Thành phố lớn ở miền Nam Trung Quốc."
"麻辣烫 (málàtàng)","lẩu Malatang","Món lẩu cay tê đặc trưng của Trung Quốc."
"酸辣汤 (suānlàtāng)","canh chua cay","Loại súp có vị chua và cay kết hợp."
"点心 (diǎnxin)","điểm tâm, món ăn nhẹ","Các món ăn nhẹ hoặc bữa sáng."
"售货员 (shòuhuòyuán)","nhân viên bán hàng","Người phục vụ khách hàng tại cửa hàng."
"式样 (shìyàng)","kiểu dáng, mẫu mã","Hình dáng, thiết kế của sản phẩm (quần áo, đồ vật)."
"适合 (shìhé)","phù hợp với","Động từ: A phù hợp với B (ví dụ: việc này hợp với tôi)."
"那 (nà)","thế thì, vậy thì","Liên từ dùng để đưa ra kết luận dựa trên ý trước đó."
"出差 (chūchāi)","đi công tác","Đi làm việc ở một nơi xa theo yêu cầu của công ty."
"退 (tuì)","trả lại, lùi lại","Trả lại hàng hóa hoặc tiền vé."
"小票 (xiǎopiào)","hóa đơn lẻ","Biên lai thanh toán nhỏ tại quầy."
"发票 (fāpiào)","hóa đơn đỏ/VAT","Hóa đơn chính thức dùng để báo cáo thuế."
"钱包 (qiánbāo)","ví tiền","Cái túi nhỏ dùng để đựng tiền mặt và thẻ."
"跟 (gēn)","đi theo, cùng","Hành động đi theo sau ai đó hoặc làm cùng ai."
"麻烦 (máfan)","làm phiền, phiền phức","Gây khó khăn cho người khác hoặc sự việc rắc rối."
"平时 (píngshí)","thường ngày, bình thường","Thời gian rảnh rỗi hoặc thói quen hàng ngày."
"顶 (dǐng)","cái (mũ)","Lượng từ dùng cho nón, mũ hoặc những vật có chóp."
"帽子 (màozi)","cái nón, mũ","Đồ dùng để đội lên đầu."
"来回 (láihuí)","khứ hồi, lượt đi lượt về","Hành động đi rồi quay lại cùng một quãng đường."
"就 (jiù)","liền, ngay","Phó từ nhấn mạnh sự sớm hoặc ngay lập tức."
"中介 (zhōngjiè)","môi giới","Người hoặc tổ chức làm cầu nối (vd: môi giới nhà đất)."
"租 (zū)","thuê","Trả tiền để sử dụng nhà, xe trong một thời gian."
"出租 (chūzū)","cho thuê","Hành động cho người khác thuê tài sản của mình."
"到期 (dàoqī)","đến hạn, đáo hạn","Khi thời gian hợp đồng hoặc cam kết kết thúc."
"套 (tào)","căn (nhà), bộ","Lượng từ cho căn hộ hoặc bộ combo/set."
"小区 (xiǎoqū)","khu dân cư","Khu vực sinh sống tập trung có nhiều tòa nhà."
"电梯 (diàntī)","thang máy","Thiết bị dùng để di chuyển lên xuống trong tòa nhà."
"楼梯 (lóutī)","cầu thang bộ","Lối đi bộ lên xuống giữa các tầng nhà."
"广告 (guǎnggào)","quảng cáo","Thông tin giới thiệu sản phẩm đến người tiêu dùng."
"抽空 (chōukòng)","tranh thủ thời gian","Dành ra một khoảng thời gian ngắn giữa lúc bận rộn."
"不见不散 (bùjiàn bùsàn)","không gặp không về","Lời hẹn chắc chắn sẽ chờ đợi nhau."
"丢 (diū)","mất, thất lạc","Làm rơi hoặc bị mất đồ vật gì đó."
"事故 (shìgù)","sự cố, tai nạn","Sự việc không may xảy ra (thường là giao thông)."
"道理 (dàolǐ)","đạo lý, có lý","Quy luật cư xử hoặc tính hợp lý của vấn đề."
"答应 (dāying)","đồng ý, hứa","Chấp thuận lời yêu cầu hoặc hứa hẹn làm gì đó."
"请求 (qǐngqiú)","thỉnh cầu, xin","Lời nhờ vả hoặc cầu xin một cách lịch sự."
"要求 (yāoqiú)","yêu cầu","Đòi hỏi hoặc tiêu chuẩn cần đạt được."
"收到 (shōudào)","nhận được","Hành động nhận được vật phẩm hoặc tin nhắn."
"提高 (tígāo)","nâng cao, cải thiện","Làm cho trình độ hoặc chất lượng tốt hơn lên."
"提出 (tíchū)","nêu ra, đề xuất","Đưa ra ý kiến hoặc vấn đề để bàn luận."
"提 (tí)","nhắc đến, xách","Hành động nhắc lại chuyện cũ hoặc cầm xách đồ."
"搬家 (bānjiā)","dọn nhà","Chuyển từ nơi ở cũ sang nơi ở mới."
"搬 (bān)","chuyển, bê, khiêng","Di chuyển đồ vật nặng hoặc xê dịch vị trí."
"把 (bǎ)","cầm, nắm","Giới từ dùng trong câu chữ 'Bǎ' để xử lý đối tượng."
"房租 (fángzū)","tiền thuê nhà","Khoản tiền phải trả hàng tháng để ở nhà thuê."
"公寓 (gōngyù)","chung cư, căn hộ","Nơi ở trong tòa nhà nhiều tầng hiện đại."
"卧室 (wòshì)","phòng ngủ","Căn phòng dùng để nghỉ ngơi, ngủ nghỉ."
"周围 (zhōuwéi)","xung quanh","Vùng bao quanh một địa điểm cụ thể."
"环境 (huánjìng)","môi trường, hoàn cảnh","Điều kiện tự nhiên hoặc xã hội xung quanh."
"干净 (gānjìng)","sạch sẽ","Trạng thái không bị bẩn, gọn gàng."
"又 (yòu)","lại, vừa... vừa...","Lặp lại hành động hoặc có cùng lúc hai tính chất."
"帅气 (shuàiqì)","đẹp trai, bảnh bao","Vẻ ngoài thu hút của nam giới."
"刚才 (gāngcái)","vừa nãy, lúc nãy","Danh từ chỉ thời gian vừa mới trôi qua."
"刚 (gāng)","vừa mới","Phó từ chỉ hành động vừa mới xảy ra."
"校园 (xiàoyuán)","khuôn viên trường","Khu vực bên trong trường học."
"好处 (hǎochù)","lợi ích","Điểm tốt, ưu điểm của một sự việc hoặc hành động."
"面积 (miànjī)","diện tích","Độ lớn bề mặt của một khu vực."
"吵 (chǎo)","ồn ào, cãi nhau","Âm thanh gây khó chịu hoặc việc tranh cãi gay gắt."
"顿 (dùn)","bữa (ăn), trận","Lượng từ cho bữa cơm hoặc trận mắng/đánh."
"新 (xīn)","mới","Tính chất chưa qua sử dụng hoặc mới xuất hiện."
"开 (kāi)","mở, bật, lái xe","Hành động mở cửa, bật đèn hoặc vận hành xe."
"味道 (wèidào)","hương vị","Mùi vị của thức ăn hoặc cảm nhận về một điều gì đó."
"不过 (bùguò)","nhưng, chỉ là","Liên từ dùng để chuyển ý hoặc giới hạn mức độ."
"AA制 (AAzhì)","chia tiền (Campuchia)","Mỗi người tự trả phần của mình khi đi ăn."
"并不 (bìng bù)","không hề, chẳng hề","Phó từ nhấn mạnh việc phủ định sự thật."
"风景 (fēngjǐng)","phong cảnh","Quang cảnh thiên nhiên đẹp mắt."
"健康 (jiànkāng)","khỏe mạnh, sức khỏe","Trạng thái cơ thể tốt, không bị bệnh tật."
"打扫 (dǎsǎo)","quét dọn, vệ sinh","Làm sạch không gian nhà cửa, phòng ốc."
"成绩 (chéngjì)","thành tích, kết quả","Kết quả đạt được trong học tập hoặc công việc."
"放学 (fàngxué)","tan học","Kết thúc giờ học tại trường."
"活动 (huódòng)","hoạt động","Sự kiện hoặc hành động vận động cơ thể."
"快餐 (kuàicān)","đồ ăn nhanh","Các món ăn chế biến nhanh (fast food)."
"骂 (mà)","chửi mắng","Hành động dùng lời nói để phê bình gắt gao."
"感情 (gǎnqíng)","tình cảm","Cảm xúc giữa người với người (yêu đương, bạn bè)."
"合同 (hétóng)","hợp đồng","Văn bản ký kết cam kết giữa hai bên."
"口红 (kǒuhóng)","son môi","Đồ trang điểm cho môi của phụ nữ."
"糖 (táng)","đường, kẹo","Chất ngọt hoặc các loại kẹo viên."
"坏话 (huàihuà)","lời nói xấu","Nói những điều không tốt về người khác sau lưng."
"难怪 (nánguài)","thảo nào, hèn chi","Dùng khi nhận ra nguyên nhân của một sự việc."
"外卖 (wàimài)","đồ mang đi, giao hàng","Đồ ăn đặt qua mạng mang đến tận nơi."
"碗 (wǎn)","tô, chén","Đồ dùng để đựng cơm, canh hoặc lượng từ."
"遇到 (yùdào)","gặp phải, chạm mặt","Tình cờ gặp ai đó hoặc gặp vấn đề."
"排球 (páiqiú)","bóng chuyền","Môn thể thao dùng tay đánh bóng qua lưới."
"突然 (tūrán)","đột nhiên, bất ngờ","Sự việc xảy ra nhanh chóng, không lường trước."
"光临 (guānglín)","ghé thăm, đến dự","Lời chào mừng khách đến (vd: huānyíng guānglín)."
"还是 (háishi)","vẫn nên là, hay là","Đưa ra lựa chọn hoặc quyết định cuối cùng."
"随便 (suíbiàn)","tùy ý, tự nhiên","Làm theo ý thích, không câu nệ."
"特色 (tèsè)","đặc sắc, đặc trưng","Điểm riêng biệt nổi bật của một nơi/món ăn."
"加 (jiā)","thêm, cộng","Hành động cho thêm vào hoặc làm phép cộng."
"果汁 (guǒzhī)","nước trái cây","Nước ép từ các loại hoa quả."
"剩 (shèng)","dư, thừa","Những gì còn lại sau khi đã dùng xong."
"打包 (dǎbāo)","gói mang về","Gói đồ ăn còn thừa mang về từ nhà hàng."
"买单 (mǎidān)","tính tiền, thanh toán","Hành động trả tiền sau khi ăn uống/mua sắm."
"西红柿 (xīhóngshì)","cà chua","Loại quả đỏ dùng nấu ăn (còn gọi là fānqié)."
"圣女果 (shèngnǚguǒ)","cà chua bi","Loại cà chua nhỏ như trái nho."
"西蓝花 (xīlánhuā)","súp lơ xanh","Loại rau có hình dạng giống bông hoa màu xanh."
"鱼香肉丝 (yúxiāng ròusī)","thịt sợi hương cá","Một món ăn nổi tiếng của ẩm thực Trung Hoa."
"辣子鸡丁 (làzi jīdīng)","gà xào ớt","Món gà cắt nhỏ xào cùng nhiều ớt."
"家常菜 (jiāchángcài)","món ăn gia đình","Các món nấu tại nhà đơn giản thường ngày."
"料理 (liàolǐ)","món ăn, ẩm thực","Cách gọi các loại món ăn (vd: Nhật Bản liàolǐ)."
"有点儿也不 (yǒudiǎnr yě bù)","một chút cũng không","Dùng để phủ định hoàn toàn mức độ."
"可是 (kěshì)","nhưng mà","Liên từ dùng để chuyển ý trái ngược."
"进步 (jìnbù)","tiến bộ","Sự phát triển tốt hơn so với trước đây."
"怎么办 (zěnmebàn)","làm sao bây giờ","Câu hỏi tìm cách giải quyết khi gặp khó khăn."
"改变 (gǎibiàn)","thay đổi","Làm cho khác đi so với trạng thái ban đầu."
"习惯 (xíguàn)","thói quen, quen với","Hành động lặp lại lâu ngày hoặc sự thích nghi."
" should (yīnggāi)","nên, cần phải","Lời khuyên hoặc suy đoán điều gì đó nên xảy ra."
"小时 (xiǎoshí)","tiếng đồng hồ","Đơn vị đo thời gian (60 phút)."
"分钟 (fēnzhōng)","phút","Đơn vị đo thời gian nhỏ hơn giờ."
"离开 (líkāi)","rời khỏi, rời đi","Hành động đi khỏi một nơi nào đó."
"阅览室 (yuèlǎnshì)","phòng đọc sách","Không gian yên tĩnh trong thư viện để đọc sách."
"极了 (jíle)","cực kỳ, vô cùng","Dùng sau tính từ để nhấn mạnh mức độ cao nhất."
"条件 (tiáojiàn)","điều kiện","Yêu cầu cần có hoặc hoàn cảnh sống/học tập."
"主意 (zhǔyi)","ý kiến, chủ ý","Ý tưởng hoặc cách giải quyết trong đầu."
"主食 (zhǔshí)","món chính","Các món như cơm, mì, bánh bao trong bữa ăn."
"页 (yè)","trang (sách)","Đơn vị đếm số mặt giấy của một cuốn sách."
"炒 (chǎo)","xào, chiên","Cách chế biến thực phẩm bằng chảo nóng và dầu."
"计算机 (jìsuànjī)","máy tính","Thiết bị điện tử xử lý dữ liệu (computer)."
"药水 (yàoshuǐ)","thuốc nước","Thuốc được bào chế dưới dạng lỏng."
"数 (shù)","con số","Danh từ chỉ các con số toán học."
"数 (shǔ)","đếm","Động từ thực hiện việc đếm số lượng."
"重新 (chóngxīn)","làm lại từ đầu","Thực hiện lại hành động một lần nữa một cách mới mẻ."
"台球 (táiqiú)","bida","Môn thể thao dùng gậy đẩy bóng trên bàn."
"清楚 (qīngchu)","rõ ràng","Trạng thái dễ nhìn, dễ nghe, dễ hiểu."
"篇 (piān)","bài (văn), tờ","Lượng từ cho các bài văn, bài báo."
"文章 (wénzhāng)","bài văn","Nội dung văn bản được viết ra."
"粗心 (cūxīn)","bất cẩn, cẩu thả","Làm việc thiếu sự tỉ mỉ, hay sai sót."
"中医 (zhōngyī)","đông y","Nền y học cổ truyền Trung Quốc."
"月份 (yuèfèn)","tháng","Cách gọi các tháng trong năm một cách trang trọng."
"熟 (shú)","quen thuộc, chín","Thức ăn đã chín hoặc người đã quen thân."
"难忘 (nánwàng)","khó quên","Kỷ niệm hoặc ấn tượng sâu sắc không thể quên."
"只好 (zhǐhǎo)","đành phải","Phải làm điều gì đó vì không còn cách nào khác."
"表 (biǎo)","đồng hồ đeo tay","Thiết bị xem thời gian đeo ở cổ tay."
"都……了 (dōu...le)","đã... rồi","Cấu trúc nhấn mạnh một sự việc đã xảy ra."
"意思 (yìsi)","ý nghĩa, thú vị","Nghĩa của từ hoặc sự lôi cuốn của sự việc."
"懂事 (dǒngshì)","hiểu chuyện","Đứa trẻ hoặc người cư xử đúng mực, biết suy nghĩ."
"半天 (bàntiān)","nửa ngày, rất lâu","Dùng để chỉ một khoảng thời gian dài chờ đợi."
"整天 (zhěngtiān)","cả ngày, suốt ngày","Dùng để chỉ hành động kéo dài suốt cả ngày."
"存 (cún)","gửi, lưu trữ","Hành động gửi tiền tiết kiệm hoặc lưu dữ liệu."
"存款 (cúnkuǎn)","tiền gửi tiết kiệm","Khoản tiền đang để trong ngân hàng."
"存折 (cúnzhé)","sổ tiết kiệm","Cuốn sổ ghi chép giao dịch tiền gửi ngân hàng."
"坏 (huài)","hư, hỏng, xấu","Đồ vật bị hỏng hoặc người có tâm địa không tốt."
"丑陋 (chǒulòu)","xấu xí","Vẻ ngoài không đẹp hoặc hành vi đáng hổ thẹn."
"排队 (páiduì)","xếp hàng","Đứng theo thứ tự để chờ đến lượt."
"修 (xiū)","sửa chữa","Làm cho đồ vật hỏng hoạt động trở lại."
"多 (duō)","biết bao, dường như","Dùng trong câu cảm thán để nhấn mạnh mức độ."
"着急 (zháojí)","lo lắng, sốt ruột","Cảm giác nôn nóng khi gặp chuyện gấp hoặc chờ đợi."
"别提了 (biétíle)","đừng nhắc đến nữa","Dùng khi không muốn nói về một chuyện không vui."
"倒霉 (dǎoméi)","xui xẻo","Gặp những chuyện không may mắn (ít dùng)."
"运气不好 (yùnqi bùhǎo)","vận may không tốt","Cách nói thông dụng khi gặp chuyện xui xẻo."
"生气 (shēngqì)","tức giận","Cảm xúc phẫn nộ khi không hài lòng."
"语伴 (yǔbàn)","bạn cùng học ngôn ngữ","Người cùng luyện tập ngoại ngữ với mình."
"练 (liàn)","luyện tập","Thực hiện một kỹ năng nhiều lần để thành thạo."
"多 (duō)","hơn","Dùng sau số từ để chỉ số lượng dư ra (vd: sān shí duō)."
"几 (jǐ)","mấy, vài","Chỉ một số lượng không xác định (từ 2 đến 9)."
"水平 (shuǐpíng)","trình độ","Mức độ năng lực trong một lĩnh vực nào đó."
"样 (yàng)","kiểu, loại","Hình dáng hoặc cách thức của sự vật."
"这样 (zhèyàng)","như thế này","Chỉ cách làm, thái độ hoặc tình huống này."
"系 (xì)","khoa (trường học)","Đơn vị phân chia ngành học trong đại học."
"性格 (xìnggé)","tính cách","Bản chất tâm lý riêng của mỗi người."
"活泼 (huópo)","hoạt bát, năng động","Tính cách vui vẻ, nhanh nhẹn, hướng ngoại."
"最好 (zuìhǎo)","tốt nhất là","Lời khuyên nên làm theo phương án tối ưu."
"善良 (shànliáng)","tốt bụng, hiền lành","Bản chất lương thiện, hay giúp người."
"温柔 (wēnróu)","dịu dàng, nhẹ nhàng","Sắc thái mềm mại trong tính cách hoặc cử chỉ."
"哪里 (nǎlǐ)","đâu có","Lời nói khiêm tốn khi được người khác khen."
"差得远 (chàdeyuǎn)","kém xa, thua xa","Mức độ chênh lệch lớn về năng lực."
"差不多 (chàbuduō)","xấp xỉ, gần như","Sự tương đồng gần như hoàn toàn."
"差 (chā)","kém, tệ, thiếu","Năng lực không tốt hoặc số lượng chưa đủ."
"左右 (zuǒyòu)","khoảng","Dùng sau số lượng để chỉ mức ước chừng."
"早睡早起 (zǎoshuì zǎoqǐ)","ngủ sớm dậy sớm","Thói quen sinh hoạt lành mạnh."
"晚睡晚起 (wǎnshuì wǎnqǐ)","ngủ muộn dậy muộn","Thói quen sinh hoạt không tốt cho sức khỏe."
"规律 (guīlǜ)","quy luật, nề nếp","Sự lặp lại có tính toán hoặc thói quen khoa học."
"开玩笑 (kāiwánxiào)","nói đùa, trêu chọc","Dùng lời nói để tạo sự vui vẻ, không thật."
"够 (gòu)","đủ","Đạt tới mức độ hoặc số lượng cần thiết."
"像 (xiàng)","giống như, có vẻ","Sự tương đồng về vẻ ngoài hoặc tính chất."
"年轻 (niánqīng)","trẻ trung","Chỉ những người ở độ tuổi thanh niên."
"偶然 (ǒurán)","tình cờ, ngẫu nhiên","Sự việc xảy ra không có sự sắp đặt trước."
"年级 (niánjí)","năm học, khối lớp","Cấp bậc học tập theo từng năm."
"感谢 (gǎnxiè)","cảm ơn, biết ơn","Bày tỏ lòng tri ân đối với người giúp đỡ."
"后来 (hòulái)","về sau, sau đó","Chỉ sự việc xảy ra sau một sự việc khác (quá khứ)."
"一边……一边 (yībiān...yībiān)","vừa... vừa...","Thực hiện hai hành động cùng một lúc."
"德国 (Déguó)","nước Đức","Tên một quốc gia ở Châu Âu."
"学院 (xuéyuàn)","học viện","Cơ sở giáo dục bậc đại học/cao đẳng."
"小卖部 (xiǎomàibù)","tiệm tạp hóa nhỏ","Cửa hàng bán đồ vặt trong trường hoặc khu phố."
"听见 (tīngjiàn)","nghe thấy","Âm thanh lọt vào tai một cách tự nhiên."
"闹钟 (nàozhōng)","đồng hồ báo thức","Thiết bị dùng để hẹn giờ thức giấc."
"响 (xiǎng)","reo, vang, kêu","Âm thanh phát ra từ thiết bị hoặc nhạc cụ."
"铃 (líng)","chuông","Vật phát ra âm thanh báo hiệu (chuông cửa, xe đạp)."
"才 (cái)","mới","Chỉ hành động xảy ra muộn hoặc khó khăn mới đạt được."
"醒 (xǐng)","tỉnh dậy, tỉnh ngộ","Trạng thái kết thúc việc ngủ hoặc say."
"刷牙 (shuāyá)","đánh răng","Vệ sinh răng miệng hàng ngày."
"洗脸 (xǐliǎn)","rửa mặt","Vệ sinh khuôn mặt hàng ngày."
"来得及 (láidejí)","còn kịp","Vẫn còn đủ thời gian để thực hiện việc gì đó."
"怪不得 (guàibude)","hèn chi, chẳng trách","Nhận ra nguyên nhân của một vấn đề (giống nánguài)."
"总是 (zǒngshì)","luôn luôn, lúc nào cũng","Hành động lặp lại liên tục, không thay đổi."
"酒吧 (jiǔbā)","quán bar","Nơi bán đồ uống có cồn và nghe nhạc."
"夜里 (yèli)","ban đêm","Khoảng thời gian trời tối trong ngày."
"饿 (è)","đói bụng","Cảm giác cần ăn thực phẩm."
"饱 (bǎo)","no bụng","Trạng thái sau khi đã ăn đủ."
"好像 (hǎoxiàng)","hình như, dường như","Sự phán đoán về một sự việc không chắc chắn."
"好 (hǎo)","rất, quá","Dùng trước từ chỉ số lượng để nhấn mạnh (vd: hǎo jǐ gè)."
"之所以……是因为 (zhīsuǒyǐ...shìyīnwéi)","sở dĩ... là vì","Cấu trúc nêu kết quả trước, nguyên nhân sau."
"所以 (suǒyǐ)","cho nên","Liên từ chỉ kết quả của một sự việc."
"接待 (jiēdài)","tiếp đãi, tiếp đón","Chào đón khách một cách nồng hậu."
"心疼 (xīnténg)","không nỡ, đau lòng","Cảm giác xót xa, thương cảm cho ai đó."
"台灯 (táidēng)","đèn bàn","Đèn nhỏ dùng để học tập hoặc làm việc tại bàn."
"盏 (zhǎn)","ngọn (đèn)","Lượng từ dùng cho các loại đèn hoặc chén nhỏ."
"互相 (hùxiāng)","lẫn nhau","Hành động tương tác qua lại giữa hai bên."
"适应 (shìyìng)","thích ứng, quen với","Làm cho bản thân phù hợp với môi trường mới."
"段 (duàn)","đoạn, khoảng","Lượng từ cho thời gian, con đường hoặc video."
"吵架 (chǎojià)","cãi nhau","Dùng lời nói gay gắt để tranh luận."
"打架 (dǎjià)","đánh nhau","Hành động dùng vũ lực để giải quyết mâu thuẫn."
"每当……的时候 (měidāng...de shíhou)","mỗi khi...","Chỉ một thời điểm lặp lại thường xuyên."
"之一 (zhīyī)","một trong số","Chỉ một cá thể nằm trong một nhóm lớn hơn."
"开朗 (kāilǎng)","cởi mở, vui vẻ","Tính cách yêu đời, dễ giao tiếp với mọi người."
"乐于助人 (lèyú zhùrén)","vui vẻ giúp người","Sẵn lòng hỗ trợ người khác khi họ gặp khó khăn."
"关系 (guānxì)","quan hệ, liên quan","Sự kết nối giữa người với người hoặc sự việc."
"不管 (bùguǎn)","bất kể, cho dù","Dùng trong câu chỉ điều kiện không thay đổi kết quả."
"真诚 (zhēnchéng)","chân thành","Thái độ thật lòng, không giả dối."
"幸运 (xìngyùn)","may mắn","Gặp được những điều tốt lành bất ngờ."
"辛苦 (xīnkǔ)","vất vả, cực khổ","Nỗ lực bỏ ra nhiều sức lao động."
"真的 (zhēnde)","thật sự","Nhấn mạnh tính xác thực của sự việc."
"真正 (zhēnzhèng)","chân chính, thực sự","Bản chất thực sự của sự vật, con người."
"明白 (míngbai)","hiểu, rõ ràng","Thấu hiểu ý nghĩa hoặc trạng thái thông suốt."
"热心 (rèxīn)","nhiệt tình","Sẵn lòng bỏ tâm huyết để giúp đỡ hoặc làm việc."
"爱心 (àixīn)","lòng nhân ái","Sự yêu thương và quan tâm đến người khác."
" patience (nàixīn)","kiên nhẫn","Khả năng chờ đợi và không bỏ cuộc."
"细心 (xìxīn)","cẩn thận, tỉ mỉ","Chú ý đến những chi tiết nhỏ nhất."
"责任心 (zérènxīn)","tinh thần trách nhiệm","Ý thức hoàn thành nhiệm vụ được giao."
"紧张 (jǐnzhāng)","căng thẳng, hồi hộp","Tâm trạng lo âu trước những sự kiện quan trọng."
"友谊 (yǒuyì)","tình bạn","Mối quan hệ bạn bè tốt đẹp."
"享受 (xiǎngshòu)","hưởng thụ, tận hưởng","Cảm nhận sự vui vẻ, thoải mái từ cuộc sống."
"美好 (měihǎo)","tốt đẹp","Dùng cho những điều mang lại cảm xúc tích cực."
"录音 (lùyīn)","ghi âm, bản ghi âm","Hành động thu lại âm thanh hoặc sản phẩm thu âm."
"句 (jù)","câu","Lượng từ dùng cho câu nói hoặc lời văn."
"分之 (fēnzhī)","phần","Dùng trong cách đọc phân số (vd: sān fēn zhī yī)."
"百分之 (bǎifēnzhī)","phần trăm","Dùng trong cách đọc tỷ lệ phần trăm."
"阅读 (yuèdú)","đọc hiểu, đọc","Hành động xem và hiểu nội dung văn bản."
"成就 (chéngjiù)","thành tựu","Kết quả lớn lao đạt được sau nỗ lực."
"好好儿 (hǎohāor)","tử tế, đàng hoàng","Làm việc gì đó một cách nghiêm túc, hết mức."
"闷 (mēn)","oi bức, ngột ngạt","Cảm giác thiếu không khí hoặc khó chịu (thời tiết)."
"闷 (mèn)","buồn chán, u sầu","Cảm giác buồn bực trong lòng."
"闹 (nào)","ồn ào, gây chuyện","Âm thanh náo nhiệt hoặc gây ra vấn đề."
"谈 (tán)","trò chuyện, bàn bạc","Trao đổi ý kiến một cách thân mật hoặc công việc."
"伟大 (wěidà)","vĩ đại","Tầm vóc lớn lao, đáng ngưỡng mộ."
"意义 (yìyì)","ý nghĩa","Giá trị hoặc nội hàm của sự vật/hành động."
"尊敬 (zūnjìng)","kính trọng","Thái độ coi trọng người có địa vị, tuổi tác cao."
"尊重 (zūnzhòng)","tôn trọng","Coi trọng ý kiến hoặc quyền lợi của người khác."
"救人 (jiùrén)","cứu người","Hành động giúp ai đó thoát khỏi nguy hiểm."
"恢复 (huīfù)","khôi phục, hồi phục","Trở lại trạng thái bình thường sau sự cố/bệnh."
"灰色 (huīsè)","màu xám, u ám","Màu tro hoặc tâm trạng tiêu cực."
"抱怨 (bàoyuàn)","than vãn, oán trách","Nói ra sự không hài lòng về người hoặc việc."
"上夜班 (shàng yèbān)","làm ca đêm","Làm việc vào khoảng thời gian ban đêm."
"职业 (zhíyè)","nghề nghiệp","Công việc làm để kiếm sống."
"值得 (zhídé)","xứng đáng, đáng giá","Có giá trị để thực hiện hoặc bỏ công sức."
"成为 (chéngwéi)","trở thành","Biến đổi thành một vai trò hoặc trạng thái mới."
"拉 (lā)","kéo, nắm tay","Hành động dùng lực để kéo vật về phía mình."
"窗帘 (chuānglián)","rèm cửa","Tấm vải che cửa sổ để cản sáng."
"窗户 (chuānghu)","cửa sổ","Lối mở trên tường để đón ánh sáng và gió."
"停 (tíng)","dừng, tạnh, ngắt","Kết thúc một hành động hoặc trạng thái (vd: mưa tạnh)."
"闷热 (mēnrè)","nóng bức, oi nồng","Thời tiết vừa nóng vừa không có gió."
"卡拉OK (kǎlā-OK)","karaoke","Hoạt động hát theo nhạc đệm."
"打扮 (dǎban)","trang điểm, ăn diện","Làm đẹp vẻ ngoài bằng quần áo, phấn son."
"它 (tā)","nó","Đại từ thay thế cho đồ vật hoặc con vật."
"亮 (liàng)","sáng, chiếu sáng","Trạng thái có ánh sáng rõ rệt."
"困 (kùn)","buồn ngủ, mệt mỏi","Cảm giác muốn đi ngủ do thiếu tỉnh táo."
"学期 (xuéqī)","học kỳ","Khoảng thời gian học tập trong một năm học."
"期末 (qīmò)","cuối kỳ","Thời điểm kết thúc một học kỳ."
"期中 (qīzhōng)","giữa kỳ","Thời điểm giữa một học kỳ (thường có thi cử)."
"结束 (jiéshù)","kết thúc","Hành động hoặc sự việc đi đến hồi kết."
"结婚 (jiéhūn)","kết hôn","Sự kiện lập gia đình của hai người."
"结果 (jiéguǒ)","kết quả, rốt cuộc","Phần cuối cùng đạt được hoặc liên từ chỉ kết cục."
"邀请 (yāoqǐng)","mời","Ngỏ lời mời ai đó tham gia sự kiện."
"婚礼 (hūnlǐ)","hôn lễ, đám cưới","Lễ kỷ niệm việc kết hôn."
"拒绝 (jùjué)","từ chối, cự tuyệt","Không chấp nhận lời mời hoặc yêu cầu."
"表白 (biǎobái)","tỏ tình, bộc bạch","Nói ra tình cảm thầm kín với đối phương."
"没准儿 (méizhǔnr)","biết đâu, có khi","Chỉ một khả năng có thể xảy ra nhưng không chắc."
"师傅 (shīfu)","thầy, bác tài","Cách gọi tôn trọng người làm nghề thủ công/tài xế."
"赶 (gǎn)","vội, đuổi kịp","Hành động tranh thủ thời gian hoặc theo kịp xe."
"开 (kāi)","sôi (nước)","Trạng thái nước đạt 100 độ C."
"如果 (rúguǒ)","nếu","Liên từ giả định một tình huống."
"要是 (yàoshi)","nếu (văn nói)","Liên từ giả định thường dùng trong giao tiếp."
"的话 (dehuà)","nếu như","Dùng ở cuối phân câu giả định (thường đi với rúguǒ)."
"堵车 (dǔchē)","kẹt xe, tắc đường","Giao thông bị đình trệ do quá nhiều xe."
"环路 (huánlù)","đường vành đai","Đường chạy quanh ngoại vi thành phố."
"误 (wù)","trễ, lỡ, sai","Lỡ chuyến xe hoặc làm sai lệch thời gian."
"国际 (guójì)","quốc tế","Liên quan đến nhiều quốc gia khác nhau."
"国内 (guónèi)","trong nước, nội địa","Liên quan đến phạm vi bên trong một quốc gia."
"航班 (hángbān)","chuyến bay","Lịch trình bay cụ thể của máy bay."
"待 (dāi)","lưu lại, ở lại","Ở lại một nơi nào đó trong thời gian ngắn."
"出来 (chūlái)","ra ngoài, nghĩ ra","Chỉ hướng từ trong ra hoặc kết quả của tư duy."
"提前 (tíqián)","trước thời hạn, sớm","Làm việc gì đó trước mốc thời gian quy định."
"从来 (cónglái)","từ trước tới nay","Dùng trong câu phủ định (chưa từng) hoặc khẳng định."
"从不 (cóngbù)","không bao giờ","Phủ định tuyệt đối một thói quen/hành động."
"信心 (xìnxīn)","lòng tin, sự tự tin","Niềm tin vào bản thân hoặc kết quả tốt đẹp."
"面试 (miànshì)","phỏng vấn","Cuộc gặp mặt trực tiếp để tuyển dụng/thi tuyển."
"软卧 (ruǎnwò)","giường nằm mềm","Loại khoang giường nằm cao cấp trên tàu hỏa."
"软 (ruǎn)","mềm","Tính chất vật lý không cứng hoặc người dễ mủi lòng."
"硬卧 (yìngwò)","giường nằm cứng","Loại khoang giường nằm phổ thông trên tàu hỏa."
"硬 (yìng)","cứng","Tính chất vật lý bền chắc hoặc thái độ kiên quyết."
"卧铺 (wòpù)","giường nằm","Chỗ nằm nghỉ trên phương tiện giao thông (tàu, xe)."
"躺 (tǎng)","nằm","Hành động đặt lưng xuống mặt phẳng để nghỉ."
"早晨 (zǎochen)","sáng sớm","Khoảng thời gian bình minh bắt đầu ngày mới."
"耽误 (dānwu)","làm trễ nải, lỡ dở","Gây chậm trễ cho công việc hoặc thời gian."
"票价 (piàojià)","giá vé","Số tiền cần trả để mua một tấm vé."
"价格 (jiàgé)","giá cả","Trị giá bằng tiền của hàng hóa/dịch vụ."
"考虑 (kǎolǜ)","cân nhắc, suy nghĩ","Suy nghĩ kỹ trước khi đưa ra quyết định."
"订 (dìng)","đặt (vé, phòng)","Hẹn trước việc sử dụng dịch vụ."
"处 (chù)","nơi, địa điểm","Dùng sau danh từ để chỉ nơi cụ thể (vd: dìngpiàochù)."
"名片 (míngpiàn)","danh thiếp, card","Tấm thẻ ghi thông tin cá nhân/công ty."
"售票员 (shòupiàoyuán)","nhân viên bán vé","Người trực tiếp giao dịch bán vé tại quầy."
"职员 (zhíyuán)","nhân viên văn phòng","Người làm việc trong công ty, tổ chức."
"经济 (jīngjì)","kinh tế, tiết kiệm","Liên quan đến tài chính hoặc dùng ít tiền hơn."
"稍 (shāo)","hơi, một chút","Phó từ chỉ mức độ nhẹ hoặc thời gian ngắn."
"当时 (dāngshí)","lúc đó, khi đó","Chỉ thời điểm sự việc diễn ra trong quá khứ."
"当天 (dàngtiān)","ngay hôm đó","Chỉ trong phạm vi ngày diễn ra sự việc."
"当年 (dàngnián)","năm đó","Chỉ một năm cụ thể trong quá khứ."
"当地 (dāngdì)","địa phương, sở tại","Chỉ nơi đang nhắc tới hoặc người bản địa."
"旺季 (wàngjì)","mùa cao điểm","Mùa có lượng khách du lịch đông nhất."
"淡季 (dànjì)","mùa thấp điểm","Mùa có ít khách du lịch, giá cả rẻ hơn."
"雨季 (yǔjì)","mùa mưa","Thời điểm trong năm thường xuyên có mưa."
"旱季 (hànjì)","mùa khô","Thời điểm trong năm ít mưa, hanh khô."
"要不 (yàobù)","hay là, nếu không thì","Đưa ra một gợi ý khác hoặc kết cục xấu."
"姓名 (xìngmíng)","họ tên","Tên đầy đủ của một cá nhân."
"护照 (hùzhào)","hộ chiếu","Giấy tờ để xuất nhập cảnh quốc tế."
"地址 (dìzhǐ)","địa chỉ","Thông tin số nhà, đường phố để tìm nơi ở."
"联系 (liánxì)","liên hệ, liên lạc","Trao đổi thông tin với ai đó bằng điện thoại/thư."
"送 (sòng)","giao đến, tặng","Giao hàng tận nơi hoặc trao quà tặng."
"选择 (xuǎnzé)","chọn lựa, sự lựa chọn","Quá trình tìm ra phương án tốt nhất trong nhiều cái."
"决定 (juédìng)","quyết định","Kết quả cuối cùng của việc suy tính."
"终于 (zhōngyú)","cuối cùng","Kết quả đạt được sau một thời gian dài chờ đợi/nỗ lực."
"首先 (shǒuxiān)","đầu tiên","Dùng để bắt đầu trình bày các bước theo thứ tự."
"最后 (zuìhòu)","cuối cùng","Dùng để kết thúc trình bày các bước theo thứ tự."
"解决 (jiějué)","giải quyết","Làm cho vấn đề/khó khăn biến mất."
"轻松 (qīngsōng)","nhẹ nhàng, thoải mái","Trạng thái không có áp lực hay gánh nặng."
"放松 (fàngsōng)","thư giãn","Làm cho cơ thể/đầu óc thoải mái sau khi bận rộn."
"借书证 (jièshūzhèng)","thẻ mượn sách","Thẻ dùng để mượn tài liệu tại thư viện."
"顺利 (shùnlì)","thuận lợi","Mọi việc diễn ra đúng kế hoạch, không trắc trở."
"产品 (chǎnpǐn)","sản phẩm","Hàng hóa do nhà máy hoặc cá nhân làm ra."
"数量 (shùliàng)","số lượng","Mức độ nhiều hay ít của sự vật."
"温和 (wēnhé)","ôn hòa, dịu dàng","Tính cách hiền hoặc thời tiết dễ chịu."
"歌词 (gēcí)","lời bài hát","Nội dung ca từ của một bản nhạc."
"首歌 (shǒugē)","bài hát","Cách gọi chung về một tác phẩm âm nhạc."
"而且 (érqiě)","hơn nữa, mà còn","Liên từ bổ sung thêm thông tin."
"不是……而是…… (bùshì...érshì)","không phải... mà là...","Cấu trúc phủ định ý này, khẳng định ý kia."
"不但……而且…… (bùdàn...érqiě)","không những... mà còn...","Cấu trúc tăng tiến mức độ của sự việc."
"不是……就是…… (bùshì...jiùshì)","không phải... thì là...","Đưa ra hai khả năng chọn một."
"当……时 (dāng...shí)","khi...","Chỉ thời điểm diễn ra một hành động."
"电器 (diànqì)","đồ điện","Các thiết bị chạy bằng điện trong nhà."
"欧洲 (Ōuzhōu)","Châu Âu","Tên một châu lục trên thế giới."
"接近 (jiējìn)","tiếp cận, gần gũi","Tiến lại gần hoặc dễ làm quen."
"现金 (xiànjīn)","tiền mặt","Tiền giấy hoặc tiền xu dùng trực tiếp."
"米线 (mǐxiàn)","bún, hủ tiếu","Loại thực phẩm làm từ bột gạo dạng sợi."
"大一 (dàyī)","năm thứ nhất đại học","Sinh viên mới vào trường đại học."
"另外 (lìngwài)","ngoài ra, khác","Chỉ đối tượng hoặc ý kiến khác nằm ngoài cái đang nói."
"煮粥 (zhǔzhōu)","nấu cháo","Cách nấu gạo với nhiều nước cho mềm nhừ."
"力量 (lìliang)","sức mạnh, lực lượng","Khả năng tác động mạnh mẽ của người hoặc vật."
"保持 (bǎochí)","duy trì, giữ gìn","Làm cho một trạng thái không bị mất đi (vd: giữ liên lạc)."
"影响 (yǐngxiǎng)","ảnh hưởng","Tác động làm thay đổi người hoặc việc khác."
"原因 (yuányīn)","nguyên nhân","Lý do dẫn đến một sự kết quả nào đó."
"心思 (xīnsi)","tâm tư, ý định","Những suy nghĩ sâu kín trong lòng."
"社交 (shèjiāo)","giao tiếp xã hội","Các hoạt động giao lưu, kết bạn trong cộng đồng."
"存在 (cúnzài)","tồn tại","Trạng thái đang có mặt, đang hiện hữu."
"不仅 (bùjǐn)","không chỉ","Giống 'bùdàn', dùng để mở rộng thêm ý."
"对话 (duìhuà)","đối thoại","Cuộc trò chuyện qua lại giữa hai hay nhiều người."
"慢慢 (mànmàn)","từ từ, dần dần","Hành động diễn ra với tốc độ chậm."
"午觉 (wǔjiào)","ngủ trưa","Giấc ngủ ngắn vào giữa ngày."
"睡懒觉 (shuì lǎnjiào)","ngủ nướng","Ngủ quá giờ thức dậy bình thường do lười."
"没用 (méiyòng)","vô dụng, không ích gì","Thứ không mang lại lợi ích hoặc giá trị."
"交流 (jiāoliú)","trao đổi, giao lưu","Chia sẻ thông tin, văn hóa hoặc tình cảm."
"难得 (nándé)","hiếm có, quý giá","Dùng cho những dịp hoặc cơ hội ít khi gặp."
"内容 (nèiróng)","nội dung","Những gì chứa đựng bên trong một bài viết/video."
"恋爱 (liàn’ài)","yêu đương","Mối quan hệ tình cảm nam nữ."
"心情 (xīnqíng)","tâm trạng","Trạng thái cảm xúc tại một thời điểm."
"正常 (zhèngcháng)","bình thường","Trạng thái ổn định, không có gì lạ."
"会议 (huìyì)","cuộc họp, hội nghị","Buổi tập hợp mọi người để thảo luận việc chung."
"失败 (shībài)","thất bại","Kết quả không đạt được như mong muốn."